{
    "0": {
        "Set Name": "[0%;5%[:0",
        "mean": -7.01623,
        "median": -6.72678,
        "max": 9.36841,
        "min": -19.1051,
        "sum": -1094.53174,
        "percentil_90": 3.62569,
        "squared_sum": 9187.03125,
        "nmad": 0.7779,
        "rmse": 7.67406,
        "std": 3.10866,
        "nbpts": 160,
        "percent_valid_points": 0.01492
    },
    "1": {
        "Set Name": "[5%;10%[:5",
        "mean": -6.81542,
        "median": -6.75281,
        "max": 10.78784,
        "min": -25.69989,
        "sum": -8008.11914,
        "percentil_90": 2.58775,
        "squared_sum": 61546.66797,
        "nmad": 0.68058,
        "rmse": 7.23741,
        "std": 2.4352,
        "nbpts": 1224,
        "percent_valid_points": 0.11414
    },
    "2": {
        "Set Name": "[10%;25%[:10",
        "mean": -6.78576,
        "median": -6.69687,
        "max": 12.81366,
        "min": -25.95935,
        "sum": -202324.125,
        "percentil_90": 2.71309,
        "squared_sum": 1562551.625,
        "nmad": 0.80428,
        "rmse": 7.23923,
        "std": 2.5219,
        "nbpts": 30884,
        "percent_valid_points": 2.87991
    },
    "3": {
        "Set Name": "[25%;45%[:25",
        "mean": -6.81693,
        "median": -6.66873,
        "max": 12.8728,
        "min": -25.96222,
        "sum": -370023.0625,
        "percentil_90": 3.95006,
        "squared_sum": 2935363.5,
        "nmad": 1.01838,
        "rmse": 7.35379,
        "std": 2.75819,
        "nbpts": 56083,
        "percent_valid_points": 5.22969
    },
    "4": {
        "Set Name": "[45%;inf[:45",
        "mean": -6.50508,
        "median": -6.59558,
        "max": 12.8952,
        "min": -25.96075,
        "sum": -1416136.625,
        "percentil_90": 7.27897,
        "squared_sum": 12780142.0,
        "nmad": 2.19576,
        "rmse": 7.66199,
        "std": 4.04846,
        "nbpts": 222285,
        "percent_valid_points": 20.72788
    }
}