{
    "0": {
        "Set Name": "[0%;5%[:0",
        "mean": -7.54751,
        "median": -6.90289,
        "max": 11.95764,
        "min": -25.89246,
        "sum": -63142.47266,
        "percentil_90": 8.23667,
        "squared_sum": 591026.75,
        "nmad": 1.21506,
        "rmse": 8.40513,
        "std": 3.69883,
        "nbpts": 8669,
        "percent_valid_points": 0.80838
    },
    "1": {
        "Set Name": "[5%;10%[:5",
        "mean": -7.55086,
        "median": -6.91162,
        "max": 12.29236,
        "min": -25.87256,
        "sum": -174409.78125,
        "percentil_90": 7.75053,
        "squared_sum": 1610734.5,
        "nmad": 1.16683,
        "rmse": 8.35074,
        "std": 3.56641,
        "nbpts": 23948,
        "percent_valid_points": 2.23313
    },
    "2": {
        "Set Name": "[10%;25%[:10",
        "mean": -7.62681,
        "median": -6.93774,
        "max": 12.8819,
        "min": -25.95496,
        "sum": -785172.0625,
        "percentil_90": 8.18693,
        "squared_sum": 7414507.0,
        "nmad": 1.33519,
        "rmse": 8.48653,
        "std": 3.72196,
        "nbpts": 106965,
        "percent_valid_points": 9.97439
    },
    "3": {
        "Set Name": "[25%;45%[:25",
        "mean": -7.37444,
        "median": -6.8678,
        "max": 12.89569,
        "min": -25.95978,
        "sum": -1072950.875,
        "percentil_90": 7.51424,
        "squared_sum": 9864000.0,
        "nmad": 1.40125,
        "rmse": 8.23381,
        "std": 3.66243,
        "nbpts": 150482,
        "percent_valid_points": 14.03232
    },
    "4": {
        "Set Name": "[45%;inf[:45",
        "mean": -6.28937,
        "median": -6.46564,
        "max": 12.89575,
        "min": -25.96173,
        "sum": -1146740.375,
        "percentil_90": 8.73804,
        "squared_sum": 9914919.0,
        "nmad": 1.58838,
        "rmse": 7.37421,
        "std": 3.85004,
        "nbpts": 190867,
        "percent_valid_points": 17.79818
    }
}