{
    "0": {
        "Set Name": "[0%;5%[:0",
        "mean": -7.53779,
        "median": -6.89859,
        "max": 11.95764,
        "min": -25.89246,
        "sum": -64237.00781,
        "percentil_90": 8.21881,
        "squared_sum": 600213.875,
        "nmad": 1.20262,
        "rmse": 8.39232,
        "std": 3.68956,
        "nbpts": 8829,
        "percent_valid_points": 0.8233
    },
    "1": {
        "Set Name": "[5%;10%[:5",
        "mean": -7.51526,
        "median": -6.90112,
        "max": 12.29236,
        "min": -25.87256,
        "sum": -182417.89062,
        "percentil_90": 7.6782,
        "squared_sum": 1672281.25,
        "nmad": 1.13448,
        "rmse": 8.30028,
        "std": 3.52358,
        "nbpts": 25172,
        "percent_valid_points": 2.34727
    },
    "2": {
        "Set Name": "[10%;25%[:10",
        "mean": -7.43792,
        "median": -6.86536,
        "max": 12.8819,
        "min": -25.95935,
        "sum": -987496.125,
        "percentil_90": 7.62276,
        "squared_sum": 8977059.0,
        "nmad": 1.16805,
        "rmse": 8.2229,
        "std": 3.5062,
        "nbpts": 137849,
        "percent_valid_points": 12.8543
    },
    "3": {
        "Set Name": "[25%;45%[:25",
        "mean": -7.22296,
        "median": -6.8028,
        "max": 12.89569,
        "min": -25.96222,
        "sum": -1442973.875,
        "percentil_90": 6.74987,
        "squared_sum": 12799365.0,
        "nmad": 1.27067,
        "rmse": 8.00428,
        "std": 3.44927,
        "nbpts": 206565,
        "percent_valid_points": 19.26201
    },
    "4": {
        "Set Name": "[45%;inf[:45",
        "mean": -6.40676,
        "median": -6.52826,
        "max": 12.89575,
        "min": -25.96173,
        "sum": -2562877.25,
        "percentil_90": 7.7618,
        "squared_sum": 22695062.0,
        "nmad": 1.88356,
        "rmse": 7.53219,
        "std": 3.96071,
        "nbpts": 413152,
        "percent_valid_points": 38.52607
    }
}