{
    "0": {
        "Set Name": "[0%;5%[:0",
        "mean": -0.4015,
        "median": 0.18475,
        "max": 19.43146,
        "min": -18.55926,
        "sum": -3527.98877,
        "percentil_90": 6.96467,
        "squared_sum": 95199.14062,
        "nmad": 1.15447,
        "rmse": 3.29152,
        "std": 3.26694,
        "nbpts": 9094,
        "percent_valid_points": 0.84717
    },
    "1": {
        "Set Name": "[5%;10%[:5",
        "mean": -0.45598,
        "median": 0.17618,
        "max": 19.62618,
        "min": -18.54332,
        "sum": -10994.07812,
        "percentil_90": 7.51847,
        "squared_sum": 288831.84375,
        "nmad": 1.18949,
        "rmse": 3.46111,
        "std": 3.43094,
        "nbpts": 25024,
        "percent_valid_points": 2.33115
    },
    "2": {
        "Set Name": "[10%;25%[:10",
        "mean": -0.44936,
        "median": 0.14045,
        "max": 19.74689,
        "min": -18.56366,
        "sum": -47958.50781,
        "percentil_90": 7.70998,
        "squared_sum": 1343027.875,
        "nmad": 1.30235,
        "rmse": 3.54736,
        "std": 3.51878,
        "nbpts": 111011,
        "percent_valid_points": 10.3414
    },
    "3": {
        "Set Name": "[25%;45%[:25",
        "mean": -0.20611,
        "median": 0.20246,
        "max": 19.75416,
        "min": -18.57039,
        "sum": -30418.93945,
        "percentil_90": 7.26846,
        "squared_sum": 1842645.25,
        "nmad": 1.36205,
        "rmse": 3.53341,
        "std": 3.52739,
        "nbpts": 152730,
        "percent_valid_points": 14.2278
    },
    "4": {
        "Set Name": "[45%;inf[:45",
        "mean": 0.85978,
        "median": 0.61559,
        "max": 19.75261,
        "min": -18.55918,
        "sum": 158629.375,
        "percentil_90": 8.45246,
        "squared_sum": 2822020.0,
        "nmad": 1.57164,
        "rmse": 3.91094,
        "std": 3.81526,
        "nbpts": 192706,
        "percent_valid_points": 17.95182
    }
}