{
    "0": {
        "Set Name": "[0%;5%[:0",
        "mean": -0.39632,
        "median": 0.19026,
        "max": 19.43146,
        "min": -18.55926,
        "sum": -3540.69189,
        "percentil_90": 6.9433,
        "squared_sum": 96008.85156,
        "nmad": 1.14431,
        "rmse": 3.27818,
        "std": 3.25413,
        "nbpts": 9248,
        "percent_valid_points": 0.86151
    },
    "1": {
        "Set Name": "[5%;10%[:5",
        "mean": -0.42514,
        "median": 0.19146,
        "max": 19.62618,
        "min": -18.54332,
        "sum": -10757.80859,
        "percentil_90": 7.41449,
        "squared_sum": 296180.0625,
        "nmad": 1.16278,
        "rmse": 3.42124,
        "std": 3.39472,
        "nbpts": 26257,
        "percent_valid_points": 2.44601
    },
    "2": {
        "Set Name": "[10%;25%[:10",
        "mean": -0.28352,
        "median": 0.22041,
        "max": 19.74689,
        "min": -18.56366,
        "sum": -38842.625,
        "percentil_90": 7.14584,
        "squared_sum": 1513553.0,
        "nmad": 1.15943,
        "rmse": 3.32384,
        "std": 3.31173,
        "nbpts": 142374,
        "percent_valid_points": 13.26307
    },
    "3": {
        "Set Name": "[25%;45%[:25",
        "mean": -0.07849,
        "median": 0.25778,
        "max": 19.75416,
        "min": -18.57039,
        "sum": -15845.86719,
        "percentil_90": 6.53367,
        "squared_sum": 2232592.25,
        "nmad": 1.25272,
        "rmse": 3.32551,
        "std": 3.32458,
        "nbpts": 208857,
        "percent_valid_points": 19.45639
    },
    "4": {
        "Set Name": "[45%;inf[:45",
        "mean": 0.78028,
        "median": 0.57095,
        "max": 19.75639,
        "min": -18.56979,
        "sum": 304582.125,
        "percentil_90": 7.68957,
        "squared_sum": 6325358.5,
        "nmad": 1.8929,
        "rmse": 4.02546,
        "std": 3.94911,
        "nbpts": 402897,
        "percent_valid_points": 37.53249
    }
}