{
    "0": {
        "Set Name": "[0%;5%[:0",
        "mean": -0.08642,
        "median": 0.40884,
        "max": 3.35447,
        "min": -11.03292,
        "sum": -12.70325,
        "percentil_90": 3.00751,
        "squared_sum": 809.71112,
        "nmad": 0.71222,
        "rmse": 2.34696,
        "std": 2.34537,
        "nbpts": 154,
        "percent_valid_points": 0.01435
    },
    "1": {
        "Set Name": "[5%;10%[:5",
        "mean": 0.19805,
        "median": 0.40704,
        "max": 17.96353,
        "min": -16.75025,
        "sum": 236.26985,
        "percentil_90": 2.93858,
        "squared_sum": 7348.23535,
        "nmad": 0.77369,
        "rmse": 2.48183,
        "std": 2.47391,
        "nbpts": 1233,
        "percent_valid_points": 0.11486
    },
    "2": {
        "Set Name": "[10%;25%[:10",
        "mean": 0.30113,
        "median": 0.40423,
        "max": 19.52877,
        "min": -17.81663,
        "sum": 9115.87988,
        "percentil_90": 2.64248,
        "squared_sum": 170525.20312,
        "nmad": 0.80509,
        "rmse": 2.37342,
        "std": 2.35423,
        "nbpts": 31363,
        "percent_valid_points": 2.92167
    },
    "3": {
        "Set Name": "[25%;45%[:25",
        "mean": 0.26843,
        "median": 0.37781,
        "max": 19.73791,
        "min": -18.46854,
        "sum": 14573.07031,
        "percentil_90": 3.84551,
        "squared_sum": 389947.21875,
        "nmad": 1.02662,
        "rmse": 2.68003,
        "std": 2.66655,
        "nbpts": 56127,
        "percent_valid_points": 5.2286
    },
    "4": {
        "Set Name": "[45%;inf[:45",
        "mean": 0.70903,
        "median": 0.51495,
        "max": 19.75639,
        "min": -18.56979,
        "sum": 145952.76562,
        "percentil_90": 7.28585,
        "squared_sum": 3503338.5,
        "nmad": 2.26107,
        "rmse": 4.12541,
        "std": 4.06402,
        "nbpts": 210191,
        "percent_valid_points": 19.58067
    }
}